county_code,tax_rate
6037.0,0.01426175894565473
6059.0,0.012172870052559744
6111.0,0.01182149289258225
